{
  "coins": {
    "BTCUSDT": {
      "cash": 24.287499999999966,
      "units": 0.007504575421140973,
      "entry": 63294.72,
      "stop": 60406.4553170984,
      "peak": 66956.15,
      "held": 0,
      "size": 0.0,
      "trough": 61306.84,
      "bars": 104
    },
    "ETHUSDT": {
      "cash": 478.0991807897656,
      "units": 0.0,
      "entry": 0.0,
      "stop": 0.0,
      "peak": 0.0,
      "held": 0,
      "size": 0.0,
      "trough": 0.0,
      "bars": 0
    },
    "SOLUSDT": {
      "cash": 500.0,
      "units": 0.0,
      "entry": 0.0,
      "stop": 0.0,
      "peak": 0.0,
      "held": 0,
      "size": 0.0
    },
    "BNBUSDT": {
      "cash": 480.3573986106854,
      "units": 0.0,
      "entry": 0.0,
      "stop": 0.0,
      "peak": 0.0,
      "held": 0,
      "size": 0.0,
      "trough": 0.0,
      "bars": 0
    },
    "XRPUSDT": {
      "cash": 500.0,
      "units": 0.0,
      "entry": 0.0,
      "stop": 0.0,
      "peak": 0.0,
      "held": 0,
      "size": 0.0
    },
    "ADAUSDT": {
      "cash": 478.84790792900185,
      "units": 0.0,
      "entry": 0.0,
      "stop": 0.0,
      "peak": 0.0,
      "held": 0,
      "size": 0.0,
      "trough": 0.0,
      "bars": 0
    },
    "AVAXUSDT": {
      "cash": 500.0,
      "units": 0.0,
      "entry": 0.0,
      "stop": 0.0,
      "peak": 0.0,
      "held": 0,
      "size": 0.0
    },
    "LINKUSDT": {
      "cash": 90.8836786549964,
      "units": 48.498583164669306,
      "entry": 8.423,
      "stop": 7.90752102373555,
      "peak": 8.761,
      "held": 0,
      "size": 0.0,
      "trough": 8.006,
      "bars": 46
    },
    "LTCUSDT": {
      "cash": 98.87430254698313,
      "units": 8.545442929120654,
      "entry": 46.87,
      "stop": 43.94446410825511,
      "peak": 48.15,
      "held": 0,
      "size": 0.0,
      "trough": 46.02,
      "bars": 26
    },
    "DOGEUSDT": {
      "cash": 500.0,
      "units": 0.0,
      "entry": 0.0,
      "stop": 0.0,
      "peak": 0.0,
      "held": 0,
      "size": 0.0
    },
    "MATICUSDT": {
      "cash": 500.0,
      "units": 0.0,
      "entry": 0.0,
      "stop": 0.0,
      "peak": 0.0,
      "held": 0,
      "size": 0.0
    },
    "DOTUSDT": {
      "cash": 500.0,
      "units": 0.0,
      "entry": 0.0,
      "stop": 0.0,
      "peak": 0.0,
      "held": 0,
      "size": 0.0
    },
    "ATOMUSDT": {
      "cash": 500.0,
      "units": 0.0,
      "entry": 0.0,
      "stop": 0.0,
      "peak": 0.0,
      "held": 0,
      "size": 0.0
    },
    "NEARUSDT": {
      "cash": 500.0,
      "units": 0.0,
      "entry": 0.0,
      "stop": 0.0,
      "peak": 0.0,
      "held": 0,
      "size": 0.0
    },
    "FILUSDT": {
      "cash": 500.0,
      "units": 0.0,
      "entry": 0.0,
      "stop": 0.0,
      "peak": 0.0,
      "held": 0,
      "size": 0.0
    },
    "UNIUSDT": {
      "cash": 298.2508939496868,
      "units": 58.13764376532262,
      "entry": 3.465,
      "stop": 3.034986012833362,
      "peak": 3.871,
      "held": 0,
      "size": 0.0,
      "trough": 3.37,
      "bars": 78
    },
    "ETCUSDT": {
      "cash": 500.0,
      "units": 0.0,
      "entry": 0.0,
      "stop": 0.0,
      "peak": 0.0,
      "held": 0,
      "size": 0.0
    },
    "XLMUSDT": {
      "cash": 500.0,
      "units": 0.0,
      "entry": 0.0,
      "stop": 0.0,
      "peak": 0.0,
      "held": 0,
      "size": 0.0
    },
    "ALGOUSDT": {
      "cash": 500.0,
      "units": 0.0,
      "entry": 0.0,
      "stop": 0.0,
      "peak": 0.0,
      "held": 0,
      "size": 0.0
    },
    "ICPUSDT": {
      "cash": 500.0,
      "units": 0.0,
      "entry": 0.0,
      "stop": 0.0,
      "peak": 0.0,
      "held": 0,
      "size": 0.0
    }
  },
  "last_run": "2026-07-23T06:37:39.665247+00:00",
  "equity": 9983.24
}