{
  "coins": {
    "BTCUSDT": {
      "cash": 24.287499999999966,
      "units": 0.007504575421140973,
      "entry": 63294.72,
      "stop": 60406.4553170984,
      "peak": 65600.0,
      "held": 0,
      "size": 0.0,
      "trough": 61306.84,
      "bars": 66
    },
    "ETHUSDT": {
      "cash": 102.91379464173599,
      "units": 0.20522863850308234,
      "entry": 1931.95,
      "stop": 1810.13464234647,
      "peak": 1946.52,
      "held": 0,
      "size": 0.0,
      "trough": 1862.57,
      "bars": 7
    },
    "SOLUSDT": {
      "cash": 500.0,
      "units": 0.0,
      "entry": 0.0,
      "stop": 0.0,
      "peak": 0.0,
      "held": 0,
      "size": 0.0
    },
    "BNBUSDT": {
      "cash": 24.287499999999966,
      "units": 0.8087308884121632,
      "entry": 587.34,
      "stop": 559.0231428187951,
      "peak": 593.1,
      "held": 0,
      "size": 0.0,
      "trough": 560.4,
      "bars": 62
    },
    "XRPUSDT": {
      "cash": 500.0,
      "units": 0.0,
      "entry": 0.0,
      "stop": 0.0,
      "peak": 0.0,
      "held": 0,
      "size": 0.0
    },
    "ADAUSDT": {
      "cash": 478.84790792900185,
      "units": 0.0,
      "entry": 0.0,
      "stop": 0.0,
      "peak": 0.0,
      "held": 0,
      "size": 0.0,
      "trough": 0.0,
      "bars": 0
    },
    "AVAXUSDT": {
      "cash": 500.0,
      "units": 0.0,
      "entry": 0.0,
      "stop": 0.0,
      "peak": 0.0,
      "held": 0,
      "size": 0.0
    },
    "LINKUSDT": {
      "cash": 90.8836786549964,
      "units": 48.498583164669306,
      "entry": 8.423,
      "stop": 7.90752102373555,
      "peak": 8.633,
      "held": 0,
      "size": 0.0,
      "trough": 8.328,
      "bars": 8
    },
    "LTCUSDT": {
      "cash": 500.0,
      "units": 0.0,
      "entry": 0.0,
      "stop": 0.0,
      "peak": 0.0,
      "held": 0,
      "size": 0.0
    },
    "DOGEUSDT": {
      "cash": 500.0,
      "units": 0.0,
      "entry": 0.0,
      "stop": 0.0,
      "peak": 0.0,
      "held": 0,
      "size": 0.0
    },
    "MATICUSDT": {
      "cash": 500.0,
      "units": 0.0,
      "entry": 0.0,
      "stop": 0.0,
      "peak": 0.0,
      "held": 0,
      "size": 0.0
    },
    "DOTUSDT": {
      "cash": 500.0,
      "units": 0.0,
      "entry": 0.0,
      "stop": 0.0,
      "peak": 0.0,
      "held": 0,
      "size": 0.0
    },
    "ATOMUSDT": {
      "cash": 500.0,
      "units": 0.0,
      "entry": 0.0,
      "stop": 0.0,
      "peak": 0.0,
      "held": 0,
      "size": 0.0
    },
    "NEARUSDT": {
      "cash": 500.0,
      "units": 0.0,
      "entry": 0.0,
      "stop": 0.0,
      "peak": 0.0,
      "held": 0,
      "size": 0.0
    },
    "FILUSDT": {
      "cash": 500.0,
      "units": 0.0,
      "entry": 0.0,
      "stop": 0.0,
      "peak": 0.0,
      "held": 0,
      "size": 0.0
    },
    "UNIUSDT": {
      "cash": 298.2508939496868,
      "units": 58.13764376532262,
      "entry": 3.465,
      "stop": 3.034986012833362,
      "peak": 3.847,
      "held": 0,
      "size": 0.0,
      "trough": 3.37,
      "bars": 40
    },
    "ETCUSDT": {
      "cash": 500.0,
      "units": 0.0,
      "entry": 0.0,
      "stop": 0.0,
      "peak": 0.0,
      "held": 0,
      "size": 0.0
    },
    "XLMUSDT": {
      "cash": 500.0,
      "units": 0.0,
      "entry": 0.0,
      "stop": 0.0,
      "peak": 0.0,
      "held": 0,
      "size": 0.0
    },
    "ALGOUSDT": {
      "cash": 500.0,
      "units": 0.0,
      "entry": 0.0,
      "stop": 0.0,
      "peak": 0.0,
      "held": 0,
      "size": 0.0
    },
    "ICPUSDT": {
      "cash": 500.0,
      "units": 0.0,
      "entry": 0.0,
      "stop": 0.0,
      "peak": 0.0,
      "held": 0,
      "size": 0.0
    }
  },
  "last_run": "2026-07-16T21:12:34.017612+00:00",
  "equity": 9971.0
}