{
  "coins": {
    "BTCUSDT": {
      "cash": -927.1375,
      "units": 0.02251372626342292,
      "entry": 63294.72,
      "stop": 60406.4553170984,
      "peak": 65600.0,
      "held": 0,
      "size": 0.0,
      "trough": 61306.84,
      "bars": 64
    },
    "ETHUSDT": {
      "cash": -691.2586160747919,
      "units": 0.615685915509247,
      "entry": 1931.95,
      "stop": 1810.13464234647,
      "peak": 1946.52,
      "held": 0,
      "size": 0.0,
      "trough": 1875.56,
      "bars": 5
    },
    "SOLUSDT": {
      "cash": 500.0,
      "units": 0.0,
      "entry": 0.0,
      "stop": 0.0,
      "peak": 0.0,
      "held": 0,
      "size": 0.0
    },
    "BNBUSDT": {
      "cash": -927.1375,
      "units": 2.42619266523649,
      "entry": 587.34,
      "stop": 559.0231428187951,
      "peak": 593.1,
      "held": 0,
      "size": 0.0,
      "trough": 560.4,
      "bars": 60
    },
    "XRPUSDT": {
      "cash": 500.0,
      "units": 0.0,
      "entry": 0.0,
      "stop": 0.0,
      "peak": 0.0,
      "held": 0,
      "size": 0.0
    },
    "ADAUSDT": {
      "cash": 436.54372378700566,
      "units": 0.0,
      "entry": 0.0,
      "stop": 0.0,
      "peak": 0.0,
      "held": 0,
      "size": 0.0,
      "trough": 0.0,
      "bars": 0
    },
    "AVAXUSDT": {
      "cash": 500.0,
      "units": 0.0,
      "entry": 0.0,
      "stop": 0.0,
      "peak": 0.0,
      "held": 0,
      "size": 0.0
    },
    "LINKUSDT": {
      "cash": -727.348964035011,
      "units": 145.49574949400792,
      "entry": 8.423,
      "stop": 7.90752102373555,
      "peak": 8.633,
      "held": 0,
      "size": 0.0,
      "trough": 8.328,
      "bars": 6
    },
    "LTCUSDT": {
      "cash": 500.0,
      "units": 0.0,
      "entry": 0.0,
      "stop": 0.0,
      "peak": 0.0,
      "held": 0,
      "size": 0.0
    },
    "DOGEUSDT": {
      "cash": 500.0,
      "units": 0.0,
      "entry": 0.0,
      "stop": 0.0,
      "peak": 0.0,
      "held": 0,
      "size": 0.0
    },
    "MATICUSDT": {
      "cash": 500.0,
      "units": 0.0,
      "entry": 0.0,
      "stop": 0.0,
      "peak": 0.0,
      "held": 0,
      "size": 0.0
    },
    "DOTUSDT": {
      "cash": 500.0,
      "units": 0.0,
      "entry": 0.0,
      "stop": 0.0,
      "peak": 0.0,
      "held": 0,
      "size": 0.0
    },
    "ATOMUSDT": {
      "cash": 500.0,
      "units": 0.0,
      "entry": 0.0,
      "stop": 0.0,
      "peak": 0.0,
      "held": 0,
      "size": 0.0
    },
    "NEARUSDT": {
      "cash": 500.0,
      "units": 0.0,
      "entry": 0.0,
      "stop": 0.0,
      "peak": 0.0,
      "held": 0,
      "size": 0.0
    },
    "FILUSDT": {
      "cash": 500.0,
      "units": 0.0,
      "entry": 0.0,
      "stop": 0.0,
      "peak": 0.0,
      "held": 0,
      "size": 0.0
    },
    "UNIUSDT": {
      "cash": -105.24731815093946,
      "units": 174.41293129596787,
      "entry": 3.465,
      "stop": 3.034986012833362,
      "peak": 3.847,
      "held": 0,
      "size": 0.0,
      "trough": 3.37,
      "bars": 38
    },
    "ETCUSDT": {
      "cash": 500.0,
      "units": 0.0,
      "entry": 0.0,
      "stop": 0.0,
      "peak": 0.0,
      "held": 0,
      "size": 0.0
    },
    "XLMUSDT": {
      "cash": 500.0,
      "units": 0.0,
      "entry": 0.0,
      "stop": 0.0,
      "peak": 0.0,
      "held": 0,
      "size": 0.0
    },
    "ALGOUSDT": {
      "cash": 500.0,
      "units": 0.0,
      "entry": 0.0,
      "stop": 0.0,
      "peak": 0.0,
      "held": 0,
      "size": 0.0
    },
    "ICPUSDT": {
      "cash": 500.0,
      "units": 0.0,
      "entry": 0.0,
      "stop": 0.0,
      "peak": 0.0,
      "held": 0,
      "size": 0.0
    }
  },
  "last_run": "2026-07-16T14:14:39.004068+00:00",
  "equity": 9943.7
}