{
  "coins": {
    "BTCUSDT": {
      "cash": -927.1375,
      "units": 0.02251372626342292,
      "entry": 63294.72,
      "stop": 60406.4553170984,
      "peak": 65600.0,
      "held": 0,
      "size": 0.0,
      "trough": 61306.84,
      "bars": 84
    },
    "ETHUSDT": {
      "cash": 434.29754236929716,
      "units": 0.0,
      "entry": 0.0,
      "stop": 0.0,
      "peak": 0.0,
      "held": 0,
      "size": 0.0,
      "trough": 0.0,
      "bars": 0
    },
    "SOLUSDT": {
      "cash": 500.0,
      "units": 0.0,
      "entry": 0.0,
      "stop": 0.0,
      "peak": 0.0,
      "held": 0,
      "size": 0.0
    },
    "BNBUSDT": {
      "cash": 441.0721958320562,
      "units": 0.0,
      "entry": 0.0,
      "stop": 0.0,
      "peak": 0.0,
      "held": 0,
      "size": 0.0,
      "trough": 0.0,
      "bars": 0
    },
    "XRPUSDT": {
      "cash": 500.0,
      "units": 0.0,
      "entry": 0.0,
      "stop": 0.0,
      "peak": 0.0,
      "held": 0,
      "size": 0.0
    },
    "ADAUSDT": {
      "cash": 436.54372378700566,
      "units": 0.0,
      "entry": 0.0,
      "stop": 0.0,
      "peak": 0.0,
      "held": 0,
      "size": 0.0,
      "trough": 0.0,
      "bars": 0
    },
    "AVAXUSDT": {
      "cash": 500.0,
      "units": 0.0,
      "entry": 0.0,
      "stop": 0.0,
      "peak": 0.0,
      "held": 0,
      "size": 0.0
    },
    "LINKUSDT": {
      "cash": -727.348964035011,
      "units": 145.49574949400792,
      "entry": 8.423,
      "stop": 7.90752102373555,
      "peak": 8.633,
      "held": 0,
      "size": 0.0,
      "trough": 8.006,
      "bars": 26
    },
    "LTCUSDT": {
      "cash": -703.3770923590505,
      "units": 25.63632878736196,
      "entry": 46.87,
      "stop": 43.94446410825511,
      "peak": 47.89,
      "held": 0,
      "size": 0.0,
      "trough": 46.02,
      "bars": 6
    },
    "DOGEUSDT": {
      "cash": 500.0,
      "units": 0.0,
      "entry": 0.0,
      "stop": 0.0,
      "peak": 0.0,
      "held": 0,
      "size": 0.0
    },
    "MATICUSDT": {
      "cash": 500.0,
      "units": 0.0,
      "entry": 0.0,
      "stop": 0.0,
      "peak": 0.0,
      "held": 0,
      "size": 0.0
    },
    "DOTUSDT": {
      "cash": 500.0,
      "units": 0.0,
      "entry": 0.0,
      "stop": 0.0,
      "peak": 0.0,
      "held": 0,
      "size": 0.0
    },
    "ATOMUSDT": {
      "cash": 500.0,
      "units": 0.0,
      "entry": 0.0,
      "stop": 0.0,
      "peak": 0.0,
      "held": 0,
      "size": 0.0
    },
    "NEARUSDT": {
      "cash": 500.0,
      "units": 0.0,
      "entry": 0.0,
      "stop": 0.0,
      "peak": 0.0,
      "held": 0,
      "size": 0.0
    },
    "FILUSDT": {
      "cash": 500.0,
      "units": 0.0,
      "entry": 0.0,
      "stop": 0.0,
      "peak": 0.0,
      "held": 0,
      "size": 0.0
    },
    "UNIUSDT": {
      "cash": -105.24731815093946,
      "units": 174.41293129596787,
      "entry": 3.465,
      "stop": 3.034986012833362,
      "peak": 3.847,
      "held": 0,
      "size": 0.0,
      "trough": 3.37,
      "bars": 58
    },
    "ETCUSDT": {
      "cash": 500.0,
      "units": 0.0,
      "entry": 0.0,
      "stop": 0.0,
      "peak": 0.0,
      "held": 0,
      "size": 0.0
    },
    "XLMUSDT": {
      "cash": 500.0,
      "units": 0.0,
      "entry": 0.0,
      "stop": 0.0,
      "peak": 0.0,
      "held": 0,
      "size": 0.0
    },
    "ALGOUSDT": {
      "cash": 500.0,
      "units": 0.0,
      "entry": 0.0,
      "stop": 0.0,
      "peak": 0.0,
      "held": 0,
      "size": 0.0
    },
    "ICPUSDT": {
      "cash": 500.0,
      "units": 0.0,
      "entry": 0.0,
      "stop": 0.0,
      "peak": 0.0,
      "held": 0,
      "size": 0.0
    }
  },
  "last_run": "2026-07-19T21:02:52.981003+00:00",
  "equity": 9845.33
}