{
  "coins": {
    "BTCUSDT": {
      "cash": -451.42500000000007,
      "units": 0.015009150842281946,
      "entry": 63294.72,
      "stop": 60406.4553170984,
      "peak": 66245.64,
      "held": 0,
      "size": 0.0,
      "trough": 61306.84,
      "bars": 93
    },
    "ETHUSDT": {
      "cash": 456.19836157953125,
      "units": 0.0,
      "entry": 0.0,
      "stop": 0.0,
      "peak": 0.0,
      "held": 0,
      "size": 0.0,
      "trough": 0.0,
      "bars": 0
    },
    "SOLUSDT": {
      "cash": 500.0,
      "units": 0.0,
      "entry": 0.0,
      "stop": 0.0,
      "peak": 0.0,
      "held": 0,
      "size": 0.0
    },
    "BNBUSDT": {
      "cash": 460.71479722137076,
      "units": 0.0,
      "entry": 0.0,
      "stop": 0.0,
      "peak": 0.0,
      "held": 0,
      "size": 0.0,
      "trough": 0.0,
      "bars": 0
    },
    "XRPUSDT": {
      "cash": 500.0,
      "units": 0.0,
      "entry": 0.0,
      "stop": 0.0,
      "peak": 0.0,
      "held": 0,
      "size": 0.0
    },
    "ADAUSDT": {
      "cash": 457.6958158580037,
      "units": 0.0,
      "entry": 0.0,
      "stop": 0.0,
      "peak": 0.0,
      "held": 0,
      "size": 0.0,
      "trough": 0.0,
      "bars": 0
    },
    "AVAXUSDT": {
      "cash": 500.0,
      "units": 0.0,
      "entry": 0.0,
      "stop": 0.0,
      "peak": 0.0,
      "held": 0,
      "size": 0.0
    },
    "LINKUSDT": {
      "cash": -318.2326426900072,
      "units": 96.99716632933861,
      "entry": 8.423,
      "stop": 7.90752102373555,
      "peak": 8.76,
      "held": 0,
      "size": 0.0,
      "trough": 8.006,
      "bars": 35
    },
    "LTCUSDT": {
      "cash": -302.25139490603374,
      "units": 17.090885858241307,
      "entry": 46.87,
      "stop": 43.94446410825511,
      "peak": 47.9,
      "held": 0,
      "size": 0.0,
      "trough": 46.02,
      "bars": 15
    },
    "DOGEUSDT": {
      "cash": 500.0,
      "units": 0.0,
      "entry": 0.0,
      "stop": 0.0,
      "peak": 0.0,
      "held": 0,
      "size": 0.0
    },
    "MATICUSDT": {
      "cash": 500.0,
      "units": 0.0,
      "entry": 0.0,
      "stop": 0.0,
      "peak": 0.0,
      "held": 0,
      "size": 0.0
    },
    "DOTUSDT": {
      "cash": 500.0,
      "units": 0.0,
      "entry": 0.0,
      "stop": 0.0,
      "peak": 0.0,
      "held": 0,
      "size": 0.0
    },
    "ATOMUSDT": {
      "cash": 500.0,
      "units": 0.0,
      "entry": 0.0,
      "stop": 0.0,
      "peak": 0.0,
      "held": 0,
      "size": 0.0
    },
    "NEARUSDT": {
      "cash": 500.0,
      "units": 0.0,
      "entry": 0.0,
      "stop": 0.0,
      "peak": 0.0,
      "held": 0,
      "size": 0.0
    },
    "FILUSDT": {
      "cash": 500.0,
      "units": 0.0,
      "entry": 0.0,
      "stop": 0.0,
      "peak": 0.0,
      "held": 0,
      "size": 0.0
    },
    "UNIUSDT": {
      "cash": 96.50178789937365,
      "units": 116.27528753064524,
      "entry": 3.465,
      "stop": 3.034986012833362,
      "peak": 3.847,
      "held": 0,
      "size": 0.0,
      "trough": 3.37,
      "bars": 67
    },
    "ETCUSDT": {
      "cash": 500.0,
      "units": 0.0,
      "entry": 0.0,
      "stop": 0.0,
      "peak": 0.0,
      "held": 0,
      "size": 0.0
    },
    "XLMUSDT": {
      "cash": 500.0,
      "units": 0.0,
      "entry": 0.0,
      "stop": 0.0,
      "peak": 0.0,
      "held": 0,
      "size": 0.0
    },
    "ALGOUSDT": {
      "cash": 500.0,
      "units": 0.0,
      "entry": 0.0,
      "stop": 0.0,
      "peak": 0.0,
      "held": 0,
      "size": 0.0
    },
    "ICPUSDT": {
      "cash": 500.0,
      "units": 0.0,
      "entry": 0.0,
      "stop": 0.0,
      "peak": 0.0,
      "held": 0,
      "size": 0.0
    }
  },
  "last_run": "2026-07-21T10:32:05.111899+00:00",
  "equity": 9986.16
}